{"cameraMode":{"drawMode":0,"name":"Shaded","section":"Shading Mode"},"sceneLighting":false,"audioPlay":false,"sceneViewState":{"m_AlwaysRefresh":false,"showFog":true,"showSkybox":false,"showFlares":true,"showImageEffects":true,"showParticleSystems":true,"showVisualEffectGraphs":true,"m_FxEnabled":true},"in2DMode":false,"pivot":{"x":-0.7893718481063843,"y":0.8613965511322022,"z":14.336067199707032},"rotation":{"x":-0.18509691953659059,"y":-0.3092084228992462,"z":0.06326726078987122,"w":-0.9310145378112793},"size":0.5090230703353882,"orthographic":false}