{"cameraMode":{"drawMode":0,"name":"Shaded","section":"Shading Mode"},"sceneLighting":false,"audioPlay":false,"sceneViewState":{"m_AlwaysRefresh":false,"showFog":false,"showSkybox":false,"showFlares":false,"showImageEffects":false,"showParticleSystems":false,"showVisualEffectGraphs":true,"m_FxEnabled":true},"in2DMode":false,"pivot":{"x":-0.016343124210834504,"y":-0.36275625228881838,"z":-0.08020758628845215},"rotation":{"x":-0.0026328787207603456,"y":-0.9786831140518189,"z":0.20584341883659364,"w":-0.01123834028840065},"size":1.386631965637207,"orthographic":false}