{"cameraMode":{"drawMode":0,"name":"Shaded","section":"Shading Mode"},"sceneLighting":false,"audioPlay":false,"sceneViewState":{"m_AlwaysRefresh":false,"showFog":true,"showSkybox":false,"showFlares":true,"showImageEffects":true,"showParticleSystems":true,"showVisualEffectGraphs":true,"m_FxEnabled":true},"in2DMode":false,"pivot":{"x":-1.350000023841858,"y":8.381919860839844,"z":-1.9600000381469727},"rotation":{"x":0.002159283496439457,"y":0.9988416433334351,"z":-0.03324718773365021,"w":0.04225752502679825},"size":3.1056838035583498,"orthographic":false}