{"cameraMode":{"drawMode":0,"name":"Shaded","section":"Shading Mode"},"sceneLighting":true,"audioPlay":false,"sceneViewState":{"m_AlwaysRefresh":false,"showFog":true,"showSkybox":true,"showFlares":true,"showImageEffects":true,"showParticleSystems":true,"showVisualEffectGraphs":true,"m_FxEnabled":true},"in2DMode":false,"pivot":{"x":-49.71723937988281,"y":-154.17251586914063,"z":-508.50994873046877},"rotation":{"x":0.22378328442573548,"y":0.3864005506038666,"z":-0.09690897166728974,"w":0.8896903991699219},"size":15.405482292175293,"orthographic":false}