{"cameraMode":{"drawMode":0,"name":"Shaded","section":"Shading Mode"},"sceneLighting":true,"audioPlay":false,"sceneViewState":{"m_AlwaysRefresh":false,"showFog":true,"showSkybox":true,"showFlares":true,"showImageEffects":true,"showParticleSystems":true,"showVisualEffectGraphs":true,"m_FxEnabled":true},"in2DMode":false,"pivot":{"x":0.9392896890640259,"y":-1.557554006576538,"z":52.630001068115237},"rotation":{"x":-0.019328419119119645,"y":-0.6976470351219177,"z":0.02145165018737316,"w":-0.7163496017456055},"size":2.2917516231536867,"orthographic":false}