{"cameraMode":{"drawMode":0,"name":"Shaded","section":"Shading Mode"},"sceneLighting":true,"audioPlay":false,"sceneViewState":{"m_AlwaysRefresh":false,"showFog":true,"showSkybox":true,"showFlares":true,"showImageEffects":true,"showParticleSystems":true,"showVisualEffectGraphs":true,"m_FxEnabled":true},"in2DMode":false,"pivot":{"x":103.96426391601563,"y":31.75434684753418,"z":51.11465072631836},"rotation":{"x":0.05622437968850136,"y":-0.7975292205810547,"z":0.07619564235210419,"w":0.5963130593299866},"size":7.9771037101745609,"orthographic":false}