{"cameraMode":{"drawMode":0,"name":"Shaded","section":"Shading Mode"},"sceneLighting":true,"audioPlay":false,"sceneViewState":{"m_AlwaysRefresh":false,"showFog":true,"showSkybox":true,"showFlares":true,"showImageEffects":true,"showParticleSystems":true,"showVisualEffectGraphs":true,"m_FxEnabled":true},"in2DMode":false,"pivot":{"x":-0.22774112224578858,"y":0.9756860733032227,"z":-2.2728710174560549},"rotation":{"x":0.2641162872314453,"y":-0.022962825372815133,"z":0.007068483624607325,"w":0.9644920825958252},"size":18.969717025756837,"orthographic":false}