{"cameraMode":{"drawMode":0,"name":"Shaded","section":"Shading Mode"},"sceneLighting":true,"audioPlay":false,"sceneViewState":{"m_AlwaysRefresh":false,"showFog":true,"showSkybox":true,"showFlares":true,"showImageEffects":true,"showParticleSystems":true,"showVisualEffectGraphs":true,"m_FxEnabled":true},"in2DMode":false,"pivot":{"x":337.5495910644531,"y":14.918966293334961,"z":0.8558292388916016},"rotation":{"x":0.13466815650463105,"y":0.5981923937797546,"z":-0.10217729210853577,"w":0.7837145924568176},"size":7.803471088409424,"orthographic":false}