{"cameraMode":{"drawMode":0,"name":"Shaded","section":"Shading Mode"},"sceneLighting":true,"audioPlay":false,"sceneViewState":{"m_AlwaysRefresh":false,"showFog":true,"showSkybox":true,"showFlares":true,"showImageEffects":true,"showParticleSystems":true,"showVisualEffectGraphs":true,"m_FxEnabled":true},"in2DMode":false,"pivot":{"x":103.07040405273438,"y":3.6873157024383547,"z":118.74363708496094},"rotation":{"x":0.006255331914871931,"y":-0.9961104393005371,"z":0.061505869030952457,"w":0.06814295053482056},"size":2.7091615200042726,"orthographic":false}