{"cameraMode":{"drawMode":0,"name":"Shaded","section":"Shading Mode"},"sceneLighting":true,"audioPlay":false,"sceneViewState":{"m_AlwaysRefresh":false,"showFog":true,"showSkybox":true,"showFlares":true,"showImageEffects":true,"showParticleSystems":true,"showVisualEffectGraphs":true,"m_FxEnabled":true},"in2DMode":false,"pivot":{"x":611.1035766601563,"y":225.2288818359375,"z":247.92648315429688},"rotation":{"x":0.06767672300338745,"y":0.033385489135980609,"z":-0.0041539729572832588,"w":0.9974768161773682},"size":541.9049682617188,"orthographic":false}