{"cameraMode":{"drawMode":0,"name":"Shaded","section":"Shading Mode"},"sceneLighting":true,"audioPlay":false,"sceneViewState":{"m_AlwaysRefresh":false,"showFog":true,"showSkybox":true,"showFlares":true,"showImageEffects":true,"showParticleSystems":true,"showVisualEffectGraphs":true,"m_FxEnabled":true},"in2DMode":false,"pivot":{"x":-18.760398864746095,"y":-0.8569989204406738,"z":12.891702651977539},"rotation":{"x":-0.06049223989248276,"y":0.6459354162216187,"z":-0.05196208879351616,"w":-0.7596143484115601},"size":10.264647483825684,"orthographic":false}