{"cameraMode":{"drawMode":0,"name":"Shaded","section":"Shading Mode"},"sceneLighting":true,"audioPlay":false,"sceneViewState":{"m_AlwaysRefresh":false,"showFog":true,"showSkybox":true,"showFlares":true,"showImageEffects":true,"showParticleSystems":true,"showVisualEffectGraphs":true,"m_FxEnabled":true},"in2DMode":false,"pivot":{"x":-1.3842744827270508,"y":7.535385608673096,"z":5.9739580154418949},"rotation":{"x":-0.10778694599866867,"y":-0.1872979700565338,"z":0.01991336978971958,"w":-0.9763700366020203},"size":14.408548355102539,"orthographic":false}