{"cameraMode":{"drawMode":0,"name":"Shaded","section":"Shading Mode"},"sceneLighting":true,"audioPlay":false,"sceneViewState":{"m_AlwaysRefresh":false,"showFog":true,"showSkybox":true,"showFlares":true,"showImageEffects":true,"showParticleSystems":true,"showVisualEffectGraphs":true,"m_FxEnabled":true},"in2DMode":false,"pivot":{"x":102.65552520751953,"y":3.9672136306762697,"z":127.36737060546875},"rotation":{"x":0.05693826079368591,"y":0.9351831674575806,"z":-0.1856062114238739,"w":0.2973616123199463},"size":5.523498058319092,"orthographic":false}