{"cameraMode":{"drawMode":0,"name":"Shaded","section":"Shading Mode"},"sceneLighting":true,"audioPlay":false,"sceneViewState":{"m_AlwaysRefresh":false,"showFog":true,"showSkybox":true,"showFlares":true,"showImageEffects":true,"showParticleSystems":true,"showVisualEffectGraphs":true,"m_FxEnabled":true},"in2DMode":false,"pivot":{"x":-0.19968795776367188,"y":1.3050813674926758,"z":-0.44009238481521609},"rotation":{"x":-0.047065723687410358,"y":0.8255919218063355,"z":-0.06984220445156098,"w":-0.5581861734390259},"size":2.434786558151245,"orthographic":false}