{"cameraMode":{"drawMode":0,"name":"Shaded","section":"Shading Mode"},"sceneLighting":true,"audioPlay":false,"sceneViewState":{"m_AlwaysRefresh":false,"showFog":true,"showSkybox":true,"showFlares":true,"showImageEffects":true,"showParticleSystems":true,"showVisualEffectGraphs":true,"m_FxEnabled":true},"in2DMode":false,"pivot":{"x":307.6260986328125,"y":207.41746520996095,"z":-1.633026123046875},"rotation":{"x":-0.21250426769256593,"y":0.6182315945625305,"z":-0.17579342424869538,"w":-0.7364985942840576},"size":0.15690986812114716,"orthographic":false}