{"cameraMode":{"drawMode":0,"name":"Shaded","section":"Shading Mode"},"sceneLighting":false,"audioPlay":false,"sceneViewState":{"m_AlwaysRefresh":false,"showFog":true,"showSkybox":false,"showFlares":true,"showImageEffects":true,"showParticleSystems":true,"showVisualEffectGraphs":true,"m_FxEnabled":true},"in2DMode":false,"pivot":{"x":-7.510000228881836,"y":8.381919860839844,"z":-1.9600000381469727},"rotation":{"x":0.09913811832666397,"y":0.026957279071211816,"z":-0.0024370048195123674,"w":0.9949690699577332},"size":3.1628620624542238,"orthographic":false}